Group ID,Light Treatment  Population white eyed Female,Light Treatment  Population wild type Female,Light Treatment  Population white eyed Male,Light Treatment  Population wild type Male,Light Treatment Frequency for white eyed Allele,Dark Treatment  Population white eyed Female,Dark Treatment  Population wild type Female,Dark Treatment  Population white eyed Male,Dark Treatment  Population wild type Male,Dark Treatment Frequency for white eyed Allele,Reporting year,Chron Order
F20_13,0,18,10,13,0.435,3,17,8,12,0.4,F20,1
F20_15,1,20,10,9,0.526,0,19,0,20,0,F20,5
F20_17,0,22,0,18,0,0,22,0,18,0,F20,2
F20_19,4,16,8,12,0.4,9,13,9,8,0.529,F20,3
F20_21,2,18,8,13,0.381,4,14,8,14,0.364,F20,9
F20_27,9,11,8,12,0.4,10,10,8,12,0.4,F20,19
F20_29,9,11,8,12,0.4,10,10,8,12,0.4,F20,21
F20_31,9,10,8,13,0.381,8,7,9,16,0.36,F20,17
F20_33,4,21,1,15,0.063,7,18,2,13,0.133,F20,16
F20_35,2,18,4,16,0.2,4,16,15,5,0.75,F20,18
F20_43,0,19,8,13,0.381,8,13,10,9,0.526,F20,11
F20_45,0,16,8,16,0.333,2,17,2,19,0.095,F20,10
F20_47,1,19,5,15,0.25,4,16,6,14,0.3,F20,20
F20_49,3,23,0,15,0,1,22,0,17,0,F20,14
F20_51,0,18,0,20,0,8,8,11,13,0.458,F20,4
F20_59,1,13,8,17,0.32,3,17,8,13,0.381,F20,24
F20_61,2,21,1,18,0.053,0,16,5,18,0.217,F20,22
F20_63,4,18,9,9,0.5,0,18,9,13,0.409,F20,35
F20_65,4,18,5,13,0.278,6,14,7,13,0.35,F20,26
F20_67,0,16,3,21,0.125,12,8,11,7,0.611,F20,25
F20_69,1,20,2,18,0.1,8,12,6,13,0.316,F20,23
F20_75,10,11,7,12,0.368,3,19,6,12,0.333,F20,28
F20_77,2,22,4,12,0.25,0,18,9,13,0.409,F20,37
F20_79,0,17,11,12,0.478,6,12,7,15,0.318,F20,31
F20_81,0,20,3,17,0.15,1,19,5,15,0.25,F20,27
F20_83,0,17,8,15,0.348,1,11,19,9,0.679,F20,32
F20_85,0,19,0,21,0,0,16,0,24,0,F20,30
F20_91,4,16,5,15,0.25,0,18,0,22,0,F20,39
F20_93,0,12,11,17,0.393,0,16,11,13,0.458,F20,276
F20_95,1,20,5,14,0.263,0,19,2,19,0.095,F20,33
F20_99,0,20,0,20,0,8,12,11,9,0.55,F20,40
F20_101,2,17,9,13,0.409,7,12,7,14,0.333,F20,36
F20_103,1,19,4,16,0.2,0,16,20,4,0.833,F20,34
F20_105,0,16,0,24,0,1,17,0,22,0,F20,38
F20_107,0,17,0,20,0,0,22,0,18,0,F20,42
F20_109,0,19,0,21,0,0,16,7,17,0.292,F20,47
F20_111,0,18,7,15,0.318,0,17,7,16,0.304,F20,54
F20_113,0,9,18,13,0.581,1,8,20,9,0.69,F20,44
F20_115,9,7,12,12,0.5,10,11,8,11,0.421,F20,41
F20_117,0,20,4,16,0.2,1,17,4,18,0.182,F20,43
F20_123,8,10,10,12,0.455,8,10,9,13,0.409,F20,52
F20_125,0,19,0,21,0,0,16,7,17,0.292,F20,60
F20_127,1,19,3,17,0.15,6,14,7,13,0.35,F20,56
F20_129,0,18,0,22,0,0,21,1,18,0.053,F20,51
F20_131,0,16,3,21,0.125,7,12,12,9,0.571,F20,59
F20_135,1,21,1,17,0.056,0,20,20,0,1,F20,61
F20_139,6,12,7,15,0.318,0,19,0,21,0,F20,57
F20_141,0,21,2,17,0.105,0,20,2,18,0.1,F20,48
F20_143,4,14,6,16,0.273,2,16,6,16,0.273,F20,46
F20_145,0,23,0,17,0,1,22,0,17,0,F20,55
F20_147,4,16,6,14,0.3,2,16,6,16,0.273,F20,50
F20_149,7,12,8,13,0.381,4,18,6,12,0.333,F20,49
F20_151,0,15,7,18,0.28,0,20,20,0,1,F20,62
F20_155,0,20,0,20,0,0,17,0,23,0,F20,64
F20_157,0,20,8,12,0.4,0,20,8,12,0.4,F20,69
F20_159,2,20,5,13,0.278,2,20,4,14,0.222,F20,66
F20_161,1,22,3,14,0.176,1,20,6,13,0.316,F20,65
F20_163,3,15,6,16,0.273,8,11,12,9,0.571,F20,70
F20_165,0,9,2,29,0.065,4,13,9,14,0.391,F20,67
F20_167,4,16,9,11,0.45,0,20,20,0,1,F20,68
F20_171,3,18,8,11,0.421,2,17,7,15,0.318,F20,75
F20_173,0,18,8,14,0.364,0,16,8,16,0.333,F20,77
F20_175,1,19,3,17,0.15,1,20,5,14,0.263,F20,79
F20_177,4,16,5,15,0.25,4,15,7,14,0.333,F20,71
F20_179,0,20,2,18,0.1,8,12,12,8,0.6,F20,72
F20_181,0,18,8,14,0.364,0,20,6,14,0.3,F20,80
F20_187,4,15,6,15,0.286,2,17,8,13,0.381,F20,81
F20_189,2,9,6,21,0.222,3,7,8,24,0.25,F20,76
F20_191,1,21,0,18,0,0,22,0,18,0,F20,74
F20_193,0,20,0,20,0,1,17,3,11,0.214,F20,82
F20_195,3,17,5,14,0.263,2,10,20,8,0.714,F20,73
F20_197,7,15,4,14,0.222,6,12,8,14,0.364,F20,78
F20_203,0,20,3,14,0.176,3,19,2,13,0.133,F20,85
F20_205,2,15,2,20,0.091,1,12,6,20,0.231,F20,86
F20_207,0,18,6,16,0.273,0,20,2,18,0.1,F20,90
F20_209,0,20,4,16,0.2,2,18,9,11,0.45,F20,88
F20_211,0,16,0,20,0,7,14,11,7,0.611,F20,84
F20_213,0,19,0,22,0,0,16,0,24,0,F20,87
F20_215,0,21,6,13,0.316,0,20,20,0,1,F20,101
F20_219,0,16,6,19,0.24,0,19,9,13,0.409,F20,100
F20_221,1,16,8,16,0.333,0,16,9,15,0.375,F20,94
F20_223,1,18,9,11,0.45,3,17,6,13,0.316,F20,95
F20_225,1,19,4,16,0.2,1,18,5,16,0.238,F20,96
F20_227,3,11,11,15,0.423,0,5,21,14,0.6,F20,97
F20_229,0,20,9,12,0.429,1,18,6,14,0.3,F20,103
F20_235,5,16,7,12,0.368,0,19,8,14,0.364,F20,92
F20_237,0,18,0,23,0,1,15,5,19,0.208,F20,93
F20_239,5,8,10,16,0.385,1,18,1,20,0.048,F20,91
F20_241,5,7,12,15,0.444,0,13,1,23,0.042,F20,98
F20_243,3,16,8,12,0.4,9,10,7,14,0.333,F20,89
F20_245,0,17,0,24,0,0,16,6,16,0.273,F20,102
F20_251,0,20,0,20,0,0,22,0,18,0,F20,106
F20_253,1,18,7,14,0.333,0,19,5,16,0.238,F20,115
F20_255,1,20,7,11,0.389,0,18,4,18,0.182,F20,112
F20_257,8,12,7,13,0.35,8,12,11,9,0.55,F20,118
F20_259,0,21,4,15,0.211,8,13,11,8,0.579,F20,105
F20_261,0,19,0,21,0,0,16,0,22,0,F20,104
F20_263,1,20,8,11,0.421,0,16,20,4,0.833,F20,122
F20_267,0,20,2,18,0.1,0,19,4,17,0.19,F20,110
F20_269,0,21,0,20,0,0,16,10,13,0.435,F20,116
F20_271,2,20,7,11,0.389,3,17,6,14,0.3,F20,165
F20_275,0,16,12,12,0.5,9,11,11,8,0.579,F20,109
F20_277,0,22,7,12,0.368,6,15,3,15,0.167,F20,108
F20_279,1,17,1,21,0.045,2,16,18,4,0.818,F20,107
F20_283,6,16,5,13,0.278,5,15,9,12,0.429,F20,111
F20_285,5,17,6,13,0.316,5,15,4,16,0.2,F20,121
F20_287,2,20,9,9,0.5,0,19,5,16,0.238,F20,113
F20_289,3,14,1,21,0.045,8,14,8,10,0.444,F20,119
F20_291,0,19,0,21,0,13,6,8,13,0.381,F20,114
F20_293,3,19,8,11,0.421,3,16,7,13,0.35,F20,120
F20_299,0,16,0,24,0,0,18,0,22,0,F20,131
F20_301,0,17,1,22,0.043,0,17,1,22,0.043,F20,125
F20_303,18,2,11,9,0.55,20,1,6,13,0.316,F20,126
F20_305,3,19,5,13,0.278,2,19,8,11,0.421,F20,127
F20_307,0,20,8,12,0.4,10,10,12,8,0.6,F20,130
F20_309,0,17,9,14,0.391,0,16,8,16,0.333,F20,123
F20_311,8,15,9,8,0.529,0,20,20,0,1,F20,128
F20_315,0,16,0,24,0,0,19,0,21,0,F20,140
F20_317,0,20,8,12,0.4,0,20,8,12,0.4,F20,142
F20_319,1,18,6,15,0.286,0,17,4,19,0.174,F20,135
F20_321,0,18,10,13,0.435,4,17,4,15,0.211,F20,145
F20_323,3,15,8,14,0.364,7,10,14,9,0.609,F20,133
F20_325,0,20,7,13,0.35,0,20,7,13,0.35,F20,139
F20_327,2,17,10,11,0.476,2,16,22,0,1,F20,143
F20_329,4,17,5,13,0.278,3,18,9,9,0.5,F20,146
F20_331,5,15,7,13,0.35,0,19,0,22,0,F20,319
F20_333,1,20,7,12,0.368,1,17,11,11,0.5,F20,132
F20_337,0,20,7,13,0.35,1,19,10,10,0.5,F20,144
F20_339,0,20,8,12,0.4,12,8,9,11,0.45,F20,136
F20_341,0,22,0,19,0,0,21,0,20,0,F20,138
F20_347,0,15,0,25,0,0,17,0,24,0,F20,148
F20_349,0,17,0,21,0,0,14,0,26,0,F20,152
F20_351,0,18,4,17,0.19,0,15,4,21,0.16,F20,149
F20_353,4,18,4,13,0.235,1,20,11,8,0.579,F20,150
F20_355,0,18,1,21,0.045,9,12,10,9,0.526,F20,151
F20_357,0,17,0,24,0,0,16,0,24,0,F20,147
F20_363,0,14,0,26,0,0,17,4,19,0.174,F20,159
F20_365,0,22,6,13,0.316,0,20,4,15,0.211,F20,158
F20_367,12,8,9,11,0.45,3,14,7,15,0.318,F20,163
F20_369,13,7,8,12,0.4,11,14,4,11,0.267,F20,155
F20_371,2,12,4,22,0.154,11,10,11,8,0.579,F20,154
F20_373,0,19,0,21,0,0,18,0,22,0,F20,153
F20_379,0,20,1,19,0.05,2,17,7,13,0.35,F20,164
F20_381,0,19,7,14,0.333,0,12,8,20,0.286,F20,162
F20_383,3,17,9,11,0.45,7,14,6,13,0.316,F20,160
F20_385,4,17,5,14,0.263,0,19,12,9,0.571,F20,157
F20_389,2,18,1,19,0.05,2,20,1,17,0.056,F20,156
F20_395,3,17,8,12,0.4,1,18,7,11,0.389,F20,177
F20_397,3,17,7,13,0.35,0,15,12,13,0.48,F20,169
F20_399,1,20,0,19,0,0,23,5,12,0.294,F20,175
F20_401,2,18,2,18,0.1,3,17,4,16,0.2,F20,181
F20_403,0,18,0,22,0,8,13,11,8,0.579,F20,172
F20_405,3,17,8,12,0.4,4,16,6,14,0.3,F20,178
F20_407,1,19,1,19,0.05,2,16,19,3,0.864,F20,168
F20_411,0,14,0,26,0,0,17,0,24,0,F20,189
F20_413,0,19,4,18,0.182,0,17,0,23,0,F20,188
F20_415,1,20,0,19,0,0,24,0,16,0,F20,190
F20_417,0,19,0,21,0,1,20,0,19,0,F20,187
F20_419,0,15,7,18,0.28,8,13,11,8,0.579,F20,185
F20_421,0,17,8,16,0.333,0,15,10,14,0.417,F20,182
F20_423,0,21,6,13,0.316,0,20,20,0,1,F20,180
F20_425,0,20,2,16,0.111,1,19,0,19,0,F20,183
F20_427,0,17,0,23,0,0,18,0,22,0,F20,173
F20_429,0,9,9,11,0.45,3,17,6,14,0.3,F20,171
F20_431,1,18,3,18,0.143,4,22,1,14,0.067,F20,166
F20_432,0,21,6,13,0.316,0,20,20,0,1,F20,176
F20_433,0,21,2,17,0.105,1,18,7,14,0.333,F20,167
F20_435,0,20,7,13,0.35,9,12,11,8,0.579,F20,174
F20_437,0,17,11,13,0.458,0,14,12,14,0.462,F20,179
F20_439,1,20,0,21,0,0,15,19,5,0.792,F20,170
F20_443,1,19,6,14,0.3,0,21,8,12,0.4,F20,196
F20_445,4,17,8,11,0.421,6,14,8,12,0.4,F20,195
F20_447,3,19,9,9,0.5,0,13,6,21,0.222,F20,194
F20_449,0,21,0,18,0,1,20,4,15,0.211,F20,197
F20_451,0,20,0,20,0,8,13,11,8,0.579,F20,193
F20_453,1,18,2,20,0.091,0,16,6,18,0.25,F20,191
F20_455,0,15,6,15,0.286,0,20,20,0,1,F20,192
F20_459,0,19,0,21,0,0,19,0,21,0,F20,203
F20_461,0,20,9,11,0.45,0,16,2,22,0.083,F20,198
F20_463,0,16,5,18,0.217,2,19,5,13,0.278,F20,210
F20_465,2,22,4,13,0.235,1,21,10,8,0.556,F20,199
F20_467,3,14,8,15,0.348,7,13,12,8,0.6,F20,218
F20_469,6,11,9,16,0.36,9,9,12,13,0.48,F20,205
F20_475,8,15,4,13,0.235,4,19,6,13,0.316,F20,217
F20_477,0,18,8,14,0.364,0,16,10,14,0.417,F20,208
F20_479,4,20,6,11,0.353,6,14,7,13,0.35,F20,220
F20_481,0,22,4,14,0.222,3,17,5,15,0.25,F20,221
F20_483,8,16,3,13,0.188,10,11,11,8,0.579,F20,222
F20_485,9,18,11,12,0.478,0,16,11,13,0.458,F20,219
F20_491,8,4,10,18,0.357,7,11,9,13,0.409,F20,225
F20_493,0,18,0,22,0,0,17,0,23,0,F20,228
F20_495,3,21,5,11,0.313,2,19,4,15,0.211,F20,229
F20_497,5,12,7,16,0.304,4,13,8,15,0.348,F20,226
F20_499,4,15,8,13,0.381,10,11,10,8,0.556,F20,224
F20_501,0,21,0,19,0,0,17,0,23,0,F20,230
F20_503,10,10,10,10,0.5,7,13,19,1,0.95,F20,227
F20_507,0,16,0,24,0,0,22,6,13,0.316,F20,253
F20_509,0,18,9,13,0.409,1,17,10,12,0.455,F20,231
F20_511,0,17,11,12,0.478,0,15,9,13,0.409,F20,235
F20_513,0,17,4,19,0.174,0,18,7,15,0.318,F20,240
F20_515,3,17,4,16,0.2,0,13,20,7,0.741,F20,246
F20_517,0,22,8,10,0.444,0,20,8,12,0.4,F20,255
F20_519,1,20,4,15,0.211,0,20,20,0,1,F20,323
F20_521,0,19,6,15,0.286,7,12,8,13,0.381,F20,239
F20_523,0,23,0,17,0,0,18,0,22,0,F20,254
F20_525,0,20,0,20,0,0,20,0,20,0,F20,324
F20_527,13,8,4,15,0.211,13,9,5,13,0.278,F20,243
F20_529,0,20,0,21,0,0,20,0,20,0,F20,238
F20_531,2,11,11,16,0.407,7,10,15,9,0.625,F20,245
F20_533,0,22,6,13,0.316,4,17,7,14,0.333,F20,249
F20_535,1,18,10,10,0.5,0,20,20,0,1,F20,250
F20_539,0,7,6,27,0.182,0,8,9,23,0.281,F20,257
F20_541,0,18,0,22,0,0,19,0,21,0,F20,275
F20_543,1,21,9,9,0.5,3,22,2,13,0.133,F20,277
F20_545,0,15,2,23,0.08,1,16,6,17,0.261,F20,267
F20_547,4,16,9,12,0.429,9,11,11,7,0.611,F20,258
F20_549,0,19,9,12,0.429,0,16,11,13,0.458,F20,278
F20_555,4,16,5,15,0.25,0,17,10,13,0.435,F20,264
F20_557,1,16,2,21,0.087,1,14,7,18,0.28,F20,271
F20_559,1,18,1,19,0.05,0,20,5,15,0.25,F20,272
F20_561,0,23,2,15,0.118,1,21,4,14,0.222,F20,274
F20_563,0,21,4,15,0.211,8,13,11,8,0.579,F20,268
F20_565,12,14,5,11,0.313,8,16,4,12,0.25,F20,273
F20_571,2,18,5,15,0.25,0,21,5,14,0.263,F20,262
F20_573,0,19,1,23,0.042,0,21,1,18,0.053,F20,261
F20_575,2,18,8,12,0.4,0,16,9,15,0.375,F20,260
F20_577,0,22,0,18,0,0,21,7,12,0.368,F20,270
F20_579,0,17,9,14,0.391,7,13,12,8,0.6,F20,256
F20_581,0,13,9,14,0.391,0,16,6,19,0.24,F20,266
F20_587,4,16,7,13,0.35,0,21,2,17,0.105,F20,288
F20_589,10,9,9,12,0.429,7,7,11,15,0.423,F20,291
F20_593,0,18,3,19,0.136,1,17,8,13,0.381,F20,283
F20_595,4,16,8,12,0.4,12,9,11,8,0.579,F20,281
F20_597,0,16,7,18,0.28,0,14,9,17,0.346,F20,279
F20_599,2,14,10,10,0.5,0,19,21,0,1,F20,286
F20_603,3,10,3,24,0.111,2,15,7,16,0.304,F20,293
F20_605,0,22,0,18,0,0,21,0,19,0,F20,284
F20_607,0,9,9,22,0.29,0,19,3,18,0.143,F20,289
F20_609,4,17,5,13,0.278,2,19,5,14,0.263,F20,285
F20_611,4,16,7,13,0.35,6,14,5,15,0.25,F20,292
F20_613,3,18,7,12,0.368,4,17,7,11,0.389,F20,280
F20_615,4,17,9,10,0.474,0,20,20,0,1,F20,282
F20_619,3,13,10,14,0.417,0,17,10,13,0.435,F20,326
F20_621,0,20,0,20,0,0,20,0,20,0,F20,314
F20_623,4,18,9,9,0.5,6,17,5,12,0.294,F20,306
F20_625,0,20,4,16,0.2,2,18,6,14,0.3,F20,316
F20_627,4,15,9,12,0.429,10,11,11,8,0.579,F20,307
F20_629,2,18,8,12,0.4,0,20,3,17,0.15,F20,325
F20_631,1,21,9,9,0.5,1,18,20,0,1,F20,318
F20_635,10,10,6,14,0.3,9,11,7,13,0.35,F20,299
F20_637,0,19,0,21,0,0,17,0,23,0,F20,302
F20_639,14,8,7,11,0.389,7,16,5,12,0.294,F20,317
F20_641,3,13,5,17,0.227,2,15,5,13,0.278,F20,296
F20_643,0,17,4,15,0.211,6,12,11,10,0.524,F20,297
F20_645,0,22,0,18,0,0,21,0,19,0,F20,298
F20_647,2,19,5,14,0.263,0,9,20,11,0.645,F20,303
F20_00000001,14,8,7,11,0.389,7,16,5,12,0.294,F20,
F20_00000002,3,13,5,17,0.227,2,15,5,13,0.278,F20,
F20_00000003,0,17,4,15,0.211,6,12,11,10,0.524,F20,
F20_00000004,0,22,0,18,0,0,21,0,19,0,F20,
14,0,15,0,25,0,0,18,0,22,0,S21,
24,0,16,0,24,0,0,23,0,17,0,S21,
12,0,20,0,20,0,0,21,0,19,0,S21,
16,0,16,0,24,0,0,15,0,25,0,S21,
18,0,18,0,22,0,0,18,0,22,0,S21,
22,0,18,0,22,0,0,19,0,21,0,S21,
20,0,21,0,19,0,0,21,0,19,0,S21,
32,0,18,0,22,0,0,23,0,17,0,S21,
46,0,20,0,20,0,1,21,0,18,0,S21,
38,0,19,0,21,0,0,24,0,16,0,S21,
40,0,21,0,19,0,0,21,0,19,0,S21,
42,0,20,0,20,0,0,19,0,21,0,S21,
48,0,25,0,15,0,0,21,0,19,0,S21,
44,0,19,0,21,0,0,22,0,18,0,S21,
28,0,20,0,20,0,0,18,0,22,0,S21,
26,0,20,0,20,0,0,20,0,20,0,S21,
30,1,18,0,21,0,0,17,0,23,0,S21,
36,0,20,0,20,0,0,20,0,20,0,S21,
34,0,20,0,20,0,0,20,0,20,0,S21,
68,11,8,10,4,0.714,11,9,11,10,0.524,S21,
60,0,22,0,18,0,0,19,0,21,0,S21,
58,0,20,0,20,0,0,20,0,20,0,S21,
54,0,21,0,19,0,0,20,0,20,0,S21,
62,0,25,0,15,0,0,17,0,23,0,S21,
66,0,18,0,22,0,0,19,0,21,0,S21,
56,1,22,0,17,0,0,21,0,19,0,S21,
76,0,20,0,20,0,0,20,0,20,0,S21,
80,0,19,0,21,0,0,20,0,20,0,S21,
74,0,20,0,20,0,0,20,0,20,0,S21,
78,0,20,0,20,0,0,20,0,20,0,S21,
64,0,20,0,20,0,0,20,0,20,0,S21,
88,0,16,0,24,0,0,19,0,21,0,S21,
72,0,20,0,20,0,0,20,0,20,0,S21,
94,0,21,0,19,0,0,21,0,19,0,S21,
82,0,20,0,20,0,0,20,0,20,0,S21,
84,0,15,0,25,0,0,15,0,25,0,S21,
90,0,20,0,20,0,0,20,0,20,0,S21,
92,0,20,0,20,0,0,18,0,22,0,S21,
102,0,17,0,23,0,0,18,0,22,0,S21,
100,0,20,0,20,0,0,21,0,19,0,S21,
98,0,17,0,23,0,0,17,0,23,0,S21,
96,0,19,0,21,0,0,17,0,23,0,S21,
108,0,20,0,20,0,0,20,0,20,0,S21,
104,0,20,0,20,0,0,20,0,20,0,S21,
106,0,20,0,20,0,0,20,0,20,0,S21,
122,0,17,0,23,0,0,22,0,18,0,S21,
118,0,17,0,23,0,0,21,0,19,0,S21,
112,0,19,0,21,0,0,19,0,21,0,S21,
114,0,21,0,19,0,0,21,0,19,0,S21,
120,0,23,0,17,0,0,22,0,18,0,S21,
132,0,16,0,24,0,0,19,0,21,0,S21,
124,0,18,0,22,0,0,21,0,19,0,S21,
126,0,19,0,21,0,0,19,0,21,0,S21,
128,0,20,0,20,0,0,20,0,20,0,S21,
110,0,16,0,24,0,0,17,0,23,0,S21,
130,0,16,0,24,0,0,19,0,21,0,S21,
134,0,18,0,22,0,0,17,0,23,0,S21,
146,0,20,0,20,0,0,22,0,18,0,S21,
140,0,19,0,21,0,0,19,0,21,0,S21,
142,0,21,0,19,0,0,21,0,19,0,S21,
144,0,21,0,19,0,0,22,0,18,0,S21,
138,0,13,0,27,0,0,21,0,19,0,S21,
174,0,20,0,20,0,0,20,0,20,0,S21,
156,0,20,0,20,0,0,20,0,20,0,S21,
166,0,15,0,25,0,0,23,0,17,0,S21,
160,0,20,0,20,0,0,20,0,20,0,S21,
162,0,20,0,20,0,0,20,0,20,0,S21,
152,0,20,0,20,0,0,20,0,20,0,S21,
164,0,20,0,20,0,20,0,20,0,1,S21,
172,0,20,0,20,0,0,20,0,20,0,S21,
154,0,18,0,22,0,0,17,0,23,0,S21,
158,0,20,0,20,0,0,20,0,20,0,S21,
192,0,17,0,23,0,0,21,0,19,0,S21,
186,0,20,0,20,0,0,19,0,21,0,S21,
182,0,16,0,24,0,0,19,0,21,0,S21,
190,0,20,0,20,0,0,20,0,20,0,S21,
184,0,18,0,22,0,0,25,0,15,0,S21,
180,0,21,0,19,0,0,20,0,20,0,S21,
208,0,17,0,23,0,0,16,0,24,0,S21,
204,0,18,0,22,0,0,21,0,19,0,S21,
194,0,19,0,21,0,0,22,0,18,0,S21,
212,1,11,3,25,0.107,0,15,0,26,0,S21,
198,0,11,0,29,0,0,24,0,16,0,S21,
170,0,20,0,20,0,0,20,0,20,0,S21,
214,0,21,0,19,0,0,15,0,25,0,S21,
196,0,11,0,29,0,0,8,0,32,0,S21,
218,0,12,0,28,0,0,20,0,20,0,S21,
202,22,0,18,0,1,21,0,19,0,1,S21,
216,0,20,0,20,0,0,22,0,18,0,S21,
200,0,22,0,18,0,0,16,0,24,0,S21,
224,0,16,0,24,0,0,18,0,22,0,S21,
70,10,10,10,10,0.5,0,10,0,10,0,S21,
222,0,20,0,20,0,0,15,0,25,0,S21,
232,0,15,0,25,0,0,14,0,26,0,S21,
226,0,20,0,20,0,0,20,0,20,0,S21,
228,0,20,0,20,0,0,20,0,20,0,S21,
250,0,15,0,25,0,0,20,0,20,0,S21,
260,0,20,0,20,0,0,17,0,23,0,S21,
258,0,20,0,20,0,0,21,0,19,0,S21,
242,0,20,0,20,0,0,20,0,20,0,S21,
252,0,19,0,21,0,0,20,0,20,0,S21,
236,0,20,0,20,0,0,20,0,20,0,S21,
244,0,20,0,20,0,0,20,0,20,0,S21,
246,0,20,0,20,0,0,20,0,20,0,S21,
238,0,20,0,20,0,0,20,0,20,0,S21,
254,0,20,0,20,0,0,21,0,19,0,S21,
256,0,20,0,20,0,0,20,0,20,0,S21,
248,0,20,0,20,0,0,20,0,20,0,S21,
240,0,20,0,20,0,0,20,0,20,0,S21,
262,0,23,0,17,0,0,20,0,20,0,S21,
266,0,25,0,15,0,0,24,0,16,0,S21,
270,0,20,0,20,0,0,20,0,20,0,S21,
264,0,19,0,21,0,0,20,0,20,0,S21,
272,0,22,0,18,0,0,18,0,22,0,S21,
274,0,18,0,22,0,0,17,0,23,0,S21,
280,0,20,0,20,0,0,20,0,20,0,S21,
278,0,20,0,20,0,0,20,0,20,0,S21,
288,0,21,0,19,0,0,20,0,20,0,S21,
286,0,20,0,20,0,0,20,0,20,0,S21,
282,0,19,0,21,0,0,20,0,20,0,S21,
284,0,20,0,20,0,0,20,0,20,0,S21,
302,0,21,0,19,0,0,22,0,18,0,S21,
292,0,20,0,20,0,0,20,0,20,0,S21,
298,0,18,0,22,0,0,19,0,21,0,S21,
300,0,21,0,19,0,0,18,0,22,0,S21,
296,0,21,0,19,0,0,20,0,20,0,S21,
294,0,20,0,20,0,1,19,0,20,0,S21,
314,0,20,0,20,0,0,22,0,18,0,S21,
310,0,17,0,23,0,0,20,0,20,0,S21,
308,0,20,0,20,0,0,20,0,20,0,S21,
306,0,20,0,20,0,0,20,0,20,0,S21,
316,0,20,0,20,0,0,20,0,20,0,S21,
312,0,20,0,20,0,0,22,0,18,0,S21,
338,0,24,0,16,0,0,13,0,27,0,S21,
336,0,17,0,23,0,0,19,0,21,0,S21,
344,0,22,0,18,0,0,17,0,23,0,S21,
324,25,0,15,0,1,23,0,17,0,1,S21,
330,0,20,0,20,0,0,20,0,20,0,S21,
346,0,16,0,24,0,0,16,0,24,0,S21,
326,0,15,0,25,0,0,21,0,19,0,S21,
322,0,19,0,21,0,0,19,0,21,0,S21,
340,0,14,0,26,0,0,20,0,20,0,S21,
328,0,21,0,19,0,0,25,0,15,0,S21,
320,0,18,0,22,0,0,20,0,20,0,S21,
230,0,21,0,19,0,0,22,0,18,0,S21,
358,0,21,0,19,0,0,18,0,22,0,S21,
352,0,19,0,21,0,0,19,0,21,0,S21,
386,0,20,0,20,0,0,20,0,20,0,S21,
348,0,16,0,24,0,0,20,0,20,0,S21,
360,20,0,20,0,1,20,0,20,0,1,S21,
350,0,21,0,19,0,0,18,0,22,0,S21,
364,0,20,0,20,0,0,20,0,20,0,S21,
384,0,18,0,22,0,0,19,0,21,0,S21,
368,0,19,0,21,0,0,19,0,21,0,S21,
374,0,19,0,21,0,0,19,0,21,0,S21,
372,0,20,0,20,0,0,20,0,20,0,S21,
362,0,19,0,21,0,0,15,0,25,0,S21,
382,0,20,0,20,0,0,20,0,20,0,S21,
366,0,18,0,22,0,0,21,0,19,0,S21,
378,0,20,0,20,0,0,20,0,20,0,S21,
370,0,22,0,18,0,0,23,0,17,0,S21,
380,0,20,0,20,0,0,20,0,20,0,S21,
376,0,20,0,20,0,0,20,0,20,0,S21,
356,0,21,0,19,0,0,20,0,20,0,S21,
268,0,19,0,21,0,0,19,0,21,0,S21,
354,0,20,0,20,0,0,20,0,20,0,S21,
388,1,22,0,17,0,0,23,0,17,0,S21,
420,0,19,0,21,0,0,18,0,22,0,S21,
404,0,20,0,20,0,0,20,0,20,0,S21,
418,0,20,0,20,0,0,20,0,20,0,S21,
406,0,20,0,20,0,0,20,0,20,0,S21,
422,0,20,0,20,0,0,20,0,20,0,S21,
412,0,20,0,20,0,0,20,0,20,0,S21,
416,0,20,0,20,0,0,18,0,21,0,S21,
430,0,21,0,19,0,0,20,0,20,0,S21,
392,4,11,6,19,0.24,0,16,0,24,0,S21,
414,0,20,0,20,0,0,20,0,20,0,S21,
424,0,20,0,20,0,0,20,0,20,0,S21,
426,0,20,0,20,0,0,20,0,20,0,S21,
410,0,20,0,20,0,0,20,0,20,0,S21,
396,0,22,0,10,0,0,21,0,19,0,S21,
428,0,20,0,20,0,0,20,0,20,0,S21,
408,0,20,0,20,0,0,25,0,15,0,S21,
398,0,20,0,20,0,0,20,0,20,0,S21,
394,0,20,0,20,0,0,20,0,20,0,S21,
390,0,24,0,16,0,0,22,0,18,0,S21,
400,20,1,20,1,0.952,20,0,20,0,1,S21,
434,0,18,0,22,0,0,18,0,22,0,S21,
436,0,20,0,20,0,0,20,0,20,0,S21,
432,0,16,0,24,0,0,22,0,18,0,S21,
438,0,20,0,20,0,0,18,0,22,0,S21,
442,0,20,0,20,0,0,20,0,20,0,S21,
444,0,29,0,11,0,0,28,0,12,0,S21,
466,0,14,0,26,0,0,21,0,19,0,S21,
464,0,18,0,22,0,0,19,0,21,0,S21,
460,0,16,3,21,0.125,0,19,0,21,0,S21,
468,0,20,0,20,0,0,20,0,20,0,S21,
470,0,15,0,25,0,0,20,0,20,0,S21,
462,0,18,0,22,0,0,22,0,18,0,S21,
86,0,14,0,26,0,0,24,0,16,0,S21,
440,0,20,0,20,0,0,20,0,20,0,S21,
452,0,20,0,20,0,0,20,0,20,0,S21,
450,0,20,0,20,0,0,20,0,20,0,S21,
448,0,20,0,20,0,0,20,0,20,0,S21,
454,0,20,0,20,0,0,20,0,20,0,S21,
446,0,21,0,19,0,0,24,0,16,0,S21,
456,0,11,0,29,0,0,19,0,21,0,S21,
474,0,20,0,20,0,0,20,0,20,0,S21,
484,0,14,0,26,0,0,20,0,20,0,S21,
478,0,17,0,23,0,0,16,0,24,0,S21,
486,0,19,0,21,0,0,21,0,19,0,S21,
482,0,20,0,20,0,0,21,0,19,0,S21,
476,1,12,0,27,0,0,17,0,23,0,S21,
480,0,23,0,17,0,0,13,0,17,0,S21,
510,0,18,0,22,0,0,21,0,19,0,S21,
506,0,17,0,23,0,0,18,0,22,0,S21,
502,0,22,0,18,0,0,28,0,12,0,S21,
514,0,17,0,23,0,0,21,0,19,0,S21,
508,0,17,0,23,0,1,17,0,22,0,S21,
504,0,15,0,25,0,0,19,0,21,0,S21,
498,0,20,0,20,0,0,20,0,20,0,S21,
512,0,25,0,15,0,0,20,0,20,0,S21,
490,0,20,0,20,0,0,20,0,20,0,S21,
494,0,20,0,20,0,0,20,0,20,0,S21,
492,0,20,0,20,0,0,20,0,20,0,S21,
496,0,20,0,20,0,0,20,0,20,0,S21,
488,0,20,0,20,0,0,20,0,20,0,S21,
522,0,20,0,20,0,0,20,0,20,0,S21,
516,0,19,0,21,0,0,19,0,21,0,S21,
540,0,20,0,20,0,0,20,0,20,0,S21,
528,0,20,0,20,0,0,20,0,20,0,S21,
518,0,20,0,20,0,0,20,0,20,0,S21,
542,0,20,0,20,0,0,20,0,20,0,S21,
538,0,20,0,20,0,0,20,0,20,0,S21,
524,0,20,0,20,0,0,20,0,20,0,S21,
520,0,20,0,20,0,0,20,0,20,0,S21,
530,0,20,0,20,0,0,20,0,20,0,S21,
536,0,20,0,20,0,0,20,0,20,0,S21,
526,0,20,0,20,0,0,20,0,20,0,S21,
532,0,20,0,20,0,0,20,0,20,0,S21,
534,0,20,0,20,0,0,20,0,20,0,S21,
550,0,20,0,20,0,0,20,0,20,0,S21,
566,0,19,0,21,0,0,20,0,20,0,S21,
570,0,21,0,19,0,0,20,0,20,0,S21,
564,0,20,0,20,0,0,20,0,20,0,S21,
548,0,20,0,20,0,0,16,0,24,0,S21,
568,0,19,0,21,0,0,21,0,19,0,S21,
544,0,20,0,20,0,0,20,0,20,0,S21,
558,0,20,0,20,0,0,20,0,20,0,S21,
556,0,22,0,18,0,0,22,0,18,0,S21,
562,0,20,0,20,0,0,20,0,20,0,S21,
552,0,20,0,20,0,0,20,0,20,0,S21,
546,0,20,0,20,0,0,20,0,20,0,S21,
116,0,17,0,23,0,0,21,0,19,0,S21,
210,0,20,0,20,0,0,20,0,20,0,S21,
342,0,19,0,21,0,0,18,0,22,0,S21,
168,0,20,0,20,0,0,20,0,20,0,S21,
360,0,20,0,20,0,0,20,0,20,0,S21,